P,urn:nasa:pds:system_bundle:document_pds4_standards:concepts_1.15.0::1.0
P,urn:nasa:pds:system_bundle:document_pds4_standards:concepts_1.16.0::1.0
P,urn:nasa:pds:system_bundle:document_pds4_standards:concepts_1.17.0::1.0
P,urn:nasa:pds:system_bundle:document_pds4_standards:concepts_1.18.0::1.0
P,urn:nasa:pds:system_bundle:document_pds4_standards:concepts_1.19.0::1.0
P,urn:nasa:pds:system_bundle:document_pds4_standards:concepts_1.20.0::1.0
P,urn:nasa:pds:system_bundle:document_pds4_standards:concepts_1.21.0::1.0
P,urn:nasa:pds:system_bundle:document_pds4_standards:concepts_1.22.0::1.0
P,urn:nasa:pds:system_bundle:document_pds4_standards:concepts_1.23.0::1.0
P,urn:nasa:pds:system_bundle:document_pds4_standards:creative_commons_zero_1.0.0::1.0
P,urn:nasa:pds:system_bundle:document_pds4_standards:dph_1.15.0::1.0
P,urn:nasa:pds:system_bundle:document_pds4_standards:dph_1.16.0::1.0
P,urn:nasa:pds:system_bundle:document_pds4_standards:dph_1.17.0::1.0
P,urn:nasa:pds:system_bundle:document_pds4_standards:dph_1.18.0::1.0
P,urn:nasa:pds:system_bundle:document_pds4_standards:dph_1.19.0::1.0
P,urn:nasa:pds:system_bundle:document_pds4_standards:dph_1.20.0::1.0
P,urn:nasa:pds:system_bundle:document_pds4_standards:dph_1.21.0::1.0
P,urn:nasa:pds:system_bundle:document_pds4_standards:dph_1.22.0::1.0
P,urn:nasa:pds:system_bundle:document_pds4_standards:dph_1.23.0::1.0
P,urn:nasa:pds:system_bundle:document_pds4_standards:mp4_supplemental_document::1.0
P,urn:nasa:pds:system_bundle:document_pds4_standards:mp4_supplemental_document::4.0
P,urn:nasa:pds:system_bundle:document_pds4_standards:sr_1.15.0::1.0
P,urn:nasa:pds:system_bundle:document_pds4_standards:sr_1.16.0::1.0
P,urn:nasa:pds:system_bundle:document_pds4_standards:sr_1.17.0::1.0
P,urn:nasa:pds:system_bundle:document_pds4_standards:sr_1.18.0::1.0
P,urn:nasa:pds:system_bundle:document_pds4_standards:sr_1.19.0::1.0
P,urn:nasa:pds:system_bundle:document_pds4_standards:sr_1.20.0::1.0
P,urn:nasa:pds:system_bundle:document_pds4_standards:sr_1.21.0::1.0
P,urn:nasa:pds:system_bundle:document_pds4_standards:sr_1.22.0::1.0
P,urn:nasa:pds:system_bundle:document_pds4_standards:sr_1.23.0::1.0
